<?xml version="1.0" encoding="UTF-8"?><?xml-stylesheet href="currentc.xsl" type="text/xsl" ?><rss version="2.0" xmlns:atom="http://www.w3.org/2005/Atom"> 
<channel>
<title>本港地區天氣報告</title>
<link>https://www.weather.gov.hk/tc/wxinfo/currwx/current.htm</link>
<description>本港地區天氣報告</description>
<language>zh-tw</language>

<copyright>本檔案的內容，包括但不限於所有文本、平面圖像、圖畫、圖片、照片以及數據或其他資料的匯編，均受版權保障。香港特別行政區政府是本檔案內所有版權作品的擁有人。</copyright>
<image>

    <title>本港地區天氣報告</title>
    <link>https://www.weather.gov.hk/tc/wxinfo/currwx/current.htm</link>
	<url>https://rss.weather.gov.hk/img/hko_logo.gif</url>
    <width>80</width>
	<height>54</height>
</image>
<atom:link href="https://rss.weather.gov.hk/rss/CurrentWeather_uc.xml" rel="self" type="application/rss+xml" />
<item>
    <author>hkowm@hko.gov.hk (香港天文台)</author>
    <guid isPermaLink="false">http://rss.weather.gov.hk/rss/CurrentWeatherBig5/20211130190200</guid>
    <pubDate>Tue, 30 Nov 2021 11:02:00 GMT</pubDate>
    <title>香港天文台於2021年11月30日19時02分發出之天氣報告</title>
    <category>R</category>

    <link>https://www.weather.gov.hk/tc/wxinfo/currwx/current.htm</link>
<description><![CDATA[
						<p>
				<img src="https://rss.weather.gov.hk/img/pic75.png" style="vertical-align: middle;"><br/><br/>	
        下 午 7 時 				
		天 文 台 錄 得：<br/>
		氣 溫 ： 21 度<br/>
		相 對 濕 度 ： 百 分 之 61<br/>


<br/>
受 一 股 強 烈 東 北 季 候 風 影 響 ， 晚 間 本 港 氣 溫 會 顯 著 下 降 。 明 早 （ 十 二 月 一 日 ） 相 當 清 涼 ， 市 區 最 低 氣 溫 約 14 度 ， 新 界 再 低 幾 度 ， 日 間 非 常 乾 燥 ， 日 夜 溫 差 較 大 。 市 民 應 留 意 溫 度 變 化 ， 注 意 保 暖 。<br/>






						
<br/><font color="red"><SPAN id='warning_message' >請注意：<br/>強烈季候風信號現正生效。<br/>火災危險警告為紅色，表示火災危險性極高。<br/></SPAN><br/>		</font><p></p>
本 港 其 他 地 區 的 氣 溫 ：<br/>
                <font size="-1">
    <table border="0" cellspacing="0" cellpadding="0">

<tr><td>天 文 台 </td><td width="100" align="right">21 度 ，</td></tr>
<tr><td>京 士 柏 </td><td width="100" align="right">20 度 ，</td></tr>
<tr><td>黃 竹 坑 </td><td width="100" align="right">20 度 ，</td></tr>
<tr><td>打 鼓 嶺 </td><td width="100" align="right">19 度 ，</td></tr>
<tr><td>流 浮 山 </td><td width="100" align="right">20 度 ，</td></tr>
<tr><td>大 埔 </td><td width="100" align="right">20 度 ，</td></tr>
<tr><td>沙 田 </td><td width="100" align="right">20 度 ，</td></tr>
<tr><td>屯 門 </td><td width="100" align="right">20 度 ，</td></tr>
<tr><td>將 軍 澳 </td><td width="100" align="right">19 度 ，</td></tr>
<tr><td>西 貢 </td><td width="100" align="right">20 度 ，</td></tr>
<tr><td>長 洲 </td><td width="100" align="right">20 度 ，</td></tr>
<tr><td>赤 &#40050;  角    </td><td width="100" align="right">21 度 ，</td></tr>
<tr><td>青 衣 </td><td width="100" align="right">21 度 ，</td></tr>
<tr><td>石 崗 </td><td width="100" align="right">20 度 ，</td></tr>
<tr><td>荃 灣 可 觀 </td><td width="100" align="right">19 度 ，</td></tr>
<tr><td>荃 灣 城 門 谷 </td><td width="100" align="right">19 度 ，</td></tr>
<tr><td>香 港 公 園 </td><td width="100" align="right">21 度 ，</td></tr>
<tr><td>筲 箕 灣 </td><td width="100" align="right">19 度 ，</td></tr>
<tr><td>九 龍 城 </td><td width="100" align="right">19 度 ，</td></tr>
<tr><td>跑 馬 地 </td><td width="100" align="right">21 度 ，</td></tr>
<tr><td>黃 大 仙 </td><td width="100" align="right">20 度 ，</td></tr>
<tr><td>赤 柱 </td><td width="100" align="right">20 度 ，</td></tr>
<tr><td>觀 塘 </td><td width="100" align="right">19 度 ，</td></tr>
<tr><td>深 水 埗 </td><td width="100" align="right">20 度 ，</td></tr>
<tr><td>啟 德 跑 道 公 園 </td><td width="100" align="right">20 度 ，</td></tr>
<tr><td>元 朗 公 園 </td><td width="100" align="right">20 度 ，</td></tr>
<tr><td>大 美 督 </td><td width="100" align="right">19 度 。</td></tr>
    </table></font><br/>
]]>
        </description>
</item></channel></rss>