<?xml version="1.0" encoding="utf-8"?><?xml-stylesheet href="current.xsl" type="text/xsl" ?><rss version="2.0" xmlns:atom="http://www.w3.org/2005/Atom">
  <channel>
    <title>Current Weather</title>
    <link>
    https://www.weather.gov.hk/en/wxinfo/currwx/current.htm</link>
    <description>Current Weather</description>
    <language>en-us</language>
    <copyright>The content available in this file, including but
    not limited to all text, graphics, drawings, diagrams,
    photographs and compilation of data or other materials are
    protected by copyright. The Government of the Hong Kong Special
    Administrative Region is the owner of all copyright works
    contained in this website.</copyright>
    <image>
      <title>Current Weather</title>
      <link>https://www.weather.gov.hk/en/wxinfo/currwx/current.htm</link>
	  <url>https://rss.weather.gov.hk/img/hko_logo.gif</url>
      <width>80</width>
      <height>54</height>
    </image>
	<atom:link href="https://rss.weather.gov.hk/rss/CurrentWeather.xml" rel="self" type="application/rss+xml" />
    <item>
       <author>hkowm@hko.gov.hk (Hong Kong Observatory)</author>
	  <guid isPermaLink="false">
      http://rss.weather.gov.hk/rss/CurrentWeather/20211130190200</guid>
<pubDate>Tue, 30 Nov 2021 11:02:00 GMT</pubDate>      <title>Bulletin updated at 19:02 HKT 30/11/2021</title>
      <category>R</category>
      <link>
      https://www.weather.gov.hk/en/wxinfo/currwx/current.htm</link>
        <description>
        <![CDATA[
         <img src="https://rss.weather.gov.hk/img/pic75.png" style="vertical-align: middle;">        <p>At 
        7 p.m. 
               at the Hong Kong Observatory :<br/>
        Air temperature : 21 degrees Celsius<br/>
        Relative Humidity : 61 per cent<br/>
		 								<br/>		Under the influence of an intense northeast monsoon, temperatures in Hong Kong are expected to fall appreciably overnight. It will be rather cool tomorrow (1 December) morning. The minimum temperature in the urban areas will be about 14 degrees, and it will be a few degrees lower in the New Territories. It will be very dry during the day. The temperature difference between day and night will be relatively large. People are reminded of the temperature change and are advised to keep warm.<br/>    																									<br/><font color="red"><SPAN id='warning_message' >Please be reminded that:<br/>The Strong Monsoon Signal has been issued.<br/>The Fire Danger Warning is Red and the fire risk is extreme.<br/></SPAN><br/>		</font>                The air temperatures at other places were:
                <br/>
                <font size="-1">
    <table border="0" cellspacing="0" cellpadding="0">
    <tr><td><font size="-1">Hong Kong Observatory</font></td><td width="100" align="right"><font size="-1">21 degrees ;</font></td></tr>
    <tr><td><font size="-1">King's Park</font></td><td width="100" align="right"><font size="-1">20 degrees ;</font></td></tr>
    <tr><td><font size="-1">Wong Chuk Hang</font></td><td width="100" align="right"><font size="-1">20 degrees ;</font></td></tr>
    <tr><td><font size="-1">Ta Kwu Ling</font></td><td width="100" align="right"><font size="-1">19 degrees ;</font></td></tr>
    <tr><td><font size="-1">Lau Fau Shan</font></td><td width="100" align="right"><font size="-1">20 degrees ;</font></td></tr>
    <tr><td><font size="-1">Tai Po</font></td><td width="100" align="right"><font size="-1">20 degrees ;</font></td></tr>
    <tr><td><font size="-1">Sha Tin</font></td><td width="100" align="right"><font size="-1">20 degrees ;</font></td></tr>
    <tr><td><font size="-1">Tuen Mun</font></td><td width="100" align="right"><font size="-1">20 degrees ;</font></td></tr>
    <tr><td><font size="-1">Tseung Kwan O</font></td><td width="100" align="right"><font size="-1">19 degrees ;</font></td></tr>
    <tr><td><font size="-1">Sai Kung</font></td><td width="100" align="right"><font size="-1">20 degrees ;</font></td></tr>
    <tr><td><font size="-1">Cheung Chau</font></td><td width="100" align="right"><font size="-1">20 degrees ;</font></td></tr>
    <tr><td><font size="-1">Chek Lap Kok</font></td><td width="100" align="right"><font size="-1">21 degrees ;</font></td></tr>
    <tr><td><font size="-1">Tsing Yi</font></td><td width="100" align="right"><font size="-1">21 degrees ;</font></td></tr>
    <tr><td><font size="-1">Shek Kong</font></td><td width="100" align="right"><font size="-1">20 degrees ;</font></td></tr>
    <tr><td><font size="-1">Tsuen Wan Ho Koon</font></td><td width="100" align="right"><font size="-1">19 degrees ;</font></td></tr>
    <tr><td><font size="-1">Tsuen Wan Shing Mun Valley</font></td><td width="100" align="right"><font size="-1">19 degrees ;</font></td></tr>
    <tr><td><font size="-1">Hong Kong Park</font></td><td width="100" align="right"><font size="-1">21 degrees ;</font></td></tr>
    <tr><td><font size="-1">Shau Kei Wan</font></td><td width="100" align="right"><font size="-1">19 degrees ;</font></td></tr>
    <tr><td><font size="-1">Kowloon City</font></td><td width="100" align="right"><font size="-1">19 degrees ;</font></td></tr>
    <tr><td><font size="-1">Happy Valley</font></td><td width="100" align="right"><font size="-1">21 degrees ;</font></td></tr>
    <tr><td><font size="-1">Wong Tai Sin</font></td><td width="100" align="right"><font size="-1">20 degrees ;</font></td></tr>
    <tr><td><font size="-1">Stanley</font></td><td width="100" align="right"><font size="-1">20 degrees ;</font></td></tr>
    <tr><td><font size="-1">Kwun Tong</font></td><td width="100" align="right"><font size="-1">19 degrees ;</font></td></tr>
    <tr><td><font size="-1">Sham Shui Po</font></td><td width="100" align="right"><font size="-1">20 degrees ;</font></td></tr>
    <tr><td><font size="-1">Kai Tak Runway Park</font></td><td width="100" align="right"><font size="-1">20 degrees ;</font></td></tr>
    <tr><td><font size="-1">Yuen Long Park</font></td><td width="100" align="right"><font size="-1">20 degrees ;</font></td></tr>
    <tr><td><font size="-1">Tai Mei Tuk</font></td><td width="100" align="right"><font size="-1">19 degrees .</font></td></tr>
    </table></font></p>
        ]]>
        </description>
    </item>
  </channel>
</rss>